{"lib/image/compartir.png":["lib/image/compartir.png"],"lib/image/configuracion_menu.png":["lib/image/configuracion_menu.png"],"lib/image/costo.png":["lib/image/costo.png"],"lib/image/costo_menu.png":["lib/image/costo_menu.png"],"lib/image/eliminar.png":["lib/image/eliminar.png"],"lib/image/iconologo.png":["lib/image/iconologo.png"],"lib/image/ingredientes.png":["lib/image/ingredientes.png"],"lib/image/ingredientes2.png":["lib/image/ingredientes2.png"],"lib/image/ingredientes_menu.png":["lib/image/ingredientes_menu.png"],"lib/image/modificar.png":["lib/image/modificar.png"],"lib/image/presupuesto.png":["lib/image/presupuesto.png"],"lib/image/presupuesto_menu.png":["lib/image/presupuesto_menu.png"],"lib/image/receta.png":["lib/image/receta.png"],"lib/image/receta_menu.png":["lib/image/receta_menu.png"],"lib/image/relleno.png":["lib/image/relleno.png"],"lib/image/rellenos_menu.png":["lib/image/rellenos_menu.png"],"packages/cupertino_icons/assets/CupertinoIcons.ttf":["packages/cupertino_icons/assets/CupertinoIcons.ttf"]}